filename,width,height,xmin,ymin,xmax,ymax
0_aug0.jpg,617,1024,341,686,445,805
0_aug1.jpg,617,1024,139,722,250,850
0_aug2.jpg,617,1024,172,686,275,805
0_aug3.jpg,617,1024,245,718,383,866
1_aug0.jpg,442,442,263,235,300,278
1_aug1.jpg,442,442,262,234,300,278
1_aug2.jpg,442,442,136,225,185,279
1_aug3.jpg,442,442,239,264,282,312
10_aug0.jpg,800,531,291,225,352,309
10_aug1.jpg,800,531,394,210,475,308
10_aug2.jpg,800,531,489,195,552,285
10_aug3.jpg,800,531,448,225,508,309
100_aug0.jpg,347,751,92,379,172,507
100_aug1.jpg,347,751,160,389,274,536
100_aug2.jpg,347,751,92,378,171,506
100_aug3.jpg,347,751,133,397,244,548
101_aug0.jpg,580,951,467,556,536,650
101_aug1.jpg,580,951,18,516,113,630
101_aug2.jpg,580,951,109,575,210,694
101_aug3.jpg,580,951,58,543,148,655
102_aug0.jpg,698,1024,130,535,230,652
102_aug1.jpg,698,1024,86,561,206,683
102_aug2.jpg,698,1024,130,535,230,652
102_aug3.jpg,698,1024,130,535,230,652
103_aug0.jpg,198,332,83,212,111,250
103_aug1.jpg,198,332,49,207,88,250
103_aug2.jpg,198,332,62,211,100,256
103_aug3.jpg,198,332,64,225,97,267
104_aug0.jpg,258,626,48,265,150,367
104_aug1.jpg,258,626,39,237,163,354
104_aug2.jpg,258,626,108,264,210,367
104_aug3.jpg,258,626,108,264,210,367
105_aug0.jpg,477,716,303,469,357,540
105_aug1.jpg,477,716,84,438,152,514
105_aug2.jpg,477,716,160,479,228,557
105_aug3.jpg,477,716,97,502,153,580
106_aug0.jpg,527,752,349,492,405,560
106_aug1.jpg,527,752,192,509,270,595
106_aug2.jpg,527,752,288,516,363,598
106_aug3.jpg,527,752,358,477,434,563
107_aug0.jpg,285,380,191,193,218,227
107_aug0.jpg,285,380,215,210,244,242
107_aug1.jpg,285,380,190,193,218,226
107_aug1.jpg,285,380,214,209,244,242
107_aug2.jpg,285,380,68,176,104,215
107_aug2.jpg,285,380,38,185,75,222
107_aug3.jpg,285,380,190,193,218,226
107_aug3.jpg,285,380,214,209,244,242
108_aug0.jpg,697,1024,491,579,561,674
108_aug1.jpg,697,1024,490,579,561,674
108_aug2.jpg,697,1024,76,500,170,611
108_aug3.jpg,697,1024,187,617,280,729
109_aug0.jpg,759,1024,349,776,398,840
109_aug1.jpg,759,1024,301,719,352,781
109_aug2.jpg,759,1024,348,776,398,840
109_aug3.jpg,759,1024,387,770,440,837
11_aug0.jpg,697,1024,479,578,568,685
11_aug1.jpg,1024,697,578,129,685,217
11_aug2.jpg,697,1024,129,578,217,685
11_aug3.jpg,697,1024,109,604,201,712
110_aug0.jpg,227,380,78,164,139,271
110_aug1.jpg,227,380,82,154,156,273
110_aug2.jpg,227,380,88,163,148,270
110_aug3.jpg,227,380,59,134,155,259
111_aug0.jpg,226,299,80,132,133,219
111_aug1.jpg,226,299,93,132,146,219
111_aug2.jpg,226,299,74,124,155,221
111_aug3.jpg,226,299,93,132,146,219
112_aug0.jpg,226,296,26,171,62,209
112_aug1.jpg,226,296,20,128,66,178
112_aug2.jpg,226,296,26,170,61,209
112_aug3.jpg,226,296,164,170,199,209
113_aug0.jpg,228,302,74,155,111,219
113_aug0.jpg,228,302,110,147,147,220
113_aug1.jpg,228,302,68,138,111,203
113_aug1.jpg,228,302,103,134,148,207
113_aug2.jpg,228,302,89,149,144,220
113_aug2.jpg,228,302,119,130,176,209
113_aug3.jpg,228,302,123,149,163,215
113_aug3.jpg,228,302,88,144,129,218
114_aug0.jpg,377,327,32,133,102,236
114_aug0.jpg,377,327,237,116,346,238
114_aug1.jpg,377,327,31,132,101,235
114_aug1.jpg,377,327,236,115,345,237
114_aug2.jpg,377,327,275,132,345,235
114_aug2.jpg,377,327,31,115,140,237
114_aug3.jpg,377,327,31,132,101,235
114_aug3.jpg,377,327,236,115,345,237
115_aug0.jpg,175,320,31,125,78,219
115_aug0.jpg,175,320,101,123,157,218
115_aug1.jpg,175,320,79,124,151,226
115_aug1.jpg,175,320,3,143,84,248
115_aug2.jpg,175,320,25,107,85,211
115_aug2.jpg,175,320,93,115,162,222
115_aug3.jpg,175,320,92,118,155,220
115_aug3.jpg,175,320,12,128,84,232
116_aug0.jpg,290,350,124,28,155,55
116_aug0.jpg,290,350,73,34,105,58
116_aug1.jpg,290,350,134,27,166,55
116_aug1.jpg,290,350,185,34,217,57
116_aug2.jpg,290,350,67,27,104,64
116_aug2.jpg,290,350,25,50,62,85
116_aug3.jpg,290,350,87,50,124,84
116_aug3.jpg,290,350,43,73,80,105
117_aug0.jpg,800,1093,324,701,419,789
117_aug1.jpg,800,1093,334,667,453,778
117_aug2.jpg,800,1093,324,701,419,789
117_aug3.jpg,800,1093,380,701,475,789
118_aug0.jpg,170,450,79,271,128,328
118_aug1.jpg,170,450,66,290,122,350
118_aug2.jpg,170,450,38,262,89,319
118_aug3.jpg,170,450,41,270,90,327
119_aug0.jpg,206,450,74,262,130,319
119_aug1.jpg,206,450,46,260,110,329
119_aug2.jpg,206,450,74,262,129,318
119_aug3.jpg,206,450,30,262,107,335
12_aug0.jpg,380,630,285,328,342,401
12_aug1.jpg,380,630,285,328,341,400
12_aug2.jpg,380,630,38,328,95,400
12_aug3.jpg,380,630,261,332,334,413
120_aug0.jpg,265,377,199,195,241,242
120_aug1.jpg,377,265,194,24,242,65
120_aug2.jpg,265,377,24,194,65,242
120_aug3.jpg,265,377,199,194,240,242
121_aug0.jpg,480,1024,296,174,363,257
121_aug1.jpg,480,1024,116,174,183,257
121_aug2.jpg,480,1024,296,174,363,257
121_aug3.jpg,480,1024,116,174,183,257
122_aug0.jpg,824,1199,521,615,598,853
122_aug1.jpg,824,1199,520,614,597,853
122_aug2.jpg,824,1199,246,673,368,922
122_aug3.jpg,824,1199,520,614,597,853
123_aug0.jpg,422,746,292,262,329,370
123_aug1.jpg,422,746,107,265,153,368
123_aug2.jpg,422,746,268,243,334,362
123_aug3.jpg,422,746,93,261,130,370
124_aug0.jpg,538,658,379,446,429,513
124_aug1.jpg,538,658,379,482,434,556
124_aug2.jpg,538,658,379,446,429,512
124_aug3.jpg,538,658,379,446,429,512
125_aug0.jpg,301,442,201,240,233,279
125_aug1.jpg,301,442,200,240,232,278
125_aug2.jpg,301,442,200,240,232,278
125_aug3.jpg,301,442,51,229,94,274
126_aug0.jpg,759,1024,676,503,710,537
126_aug0.jpg,759,1024,365,794,383,830
126_aug1.jpg,759,1024,675,503,710,537
126_aug1.jpg,759,1024,364,794,382,830
126_aug2.jpg,759,1024,723,576,758,615
126_aug2.jpg,759,1024,342,773,368,809
126_aug3.jpg,759,1024,679,561,722,604
126_aug3.jpg,759,1024,288,792,315,834
127_aug0.jpg,480,585,108,269,160,334
127_aug1.jpg,480,585,319,269,372,334
127_aug2.jpg,480,585,319,269,372,334
127_aug3.jpg,480,585,121,291,187,365
128_aug0.jpg,768,923,379,621,403,656
128_aug1.jpg,768,923,328,566,360,605
128_aug2.jpg,768,923,264,649,301,692
128_aug3.jpg,768,923,365,621,388,656
129_aug0.jpg,555,865,134,395,170,421
129_aug1.jpg,555,865,406,450,447,480
129_aug2.jpg,555,865,385,394,420,421
129_aug3.jpg,555,865,102,427,142,459
13_aug0.jpg,500,682,170,159,278,261
13_aug1.jpg,500,682,222,159,329,260
13_aug2.jpg,500,682,153,182,277,289
13_aug3.jpg,500,682,248,126,357,239
130_aug0.jpg,263,371,37,208,57,230
130_aug1.jpg,263,371,37,207,57,229
130_aug2.jpg,263,371,204,143,229,170
130_aug3.jpg,263,371,185,214,209,241
131_aug0.jpg,305,500,217,228,254,269
131_aug1.jpg,305,500,53,220,94,263
131_aug2.jpg,305,500,51,228,87,268
131_aug3.jpg,305,500,51,228,87,268
132_aug0.jpg,323,500,241,232,273,270
132_aug1.jpg,323,500,258,199,298,240
132_aug2.jpg,323,500,49,231,81,270
132_aug3.jpg,323,500,231,236,264,276
133_aug0.jpg,372,370,156,120,193,166
133_aug1.jpg,372,370,174,137,214,185
133_aug2.jpg,372,370,155,119,192,166
133_aug3.jpg,372,370,155,119,192,166
134_aug0.jpg,287,502,117,243,168,306
134_aug0.jpg,287,502,68,144,114,195
134_aug0.jpg,287,502,150,306,205,361
134_aug0.jpg,287,502,180,347,224,387
134_aug1.jpg,287,502,101,257,174,337
134_aug1.jpg,287,502,94,143,158,209
134_aug1.jpg,287,502,113,330,187,404
134_aug1.jpg,287,502,133,381,190,436
134_aug2.jpg,287,502,119,242,170,305
134_aug2.jpg,287,502,173,144,219,194
134_aug2.jpg,287,502,81,305,136,360
134_aug2.jpg,287,502,63,347,106,387
134_aug3.jpg,287,502,116,242,167,305
134_aug3.jpg,287,502,67,144,113,194
134_aug3.jpg,287,502,150,305,205,360
134_aug3.jpg,287,502,180,347,223,387
135_aug0.jpg,662,1024,424,89,499,174
135_aug1.jpg,662,1024,164,82,242,169
135_aug2.jpg,662,1024,163,89,238,174
135_aug3.jpg,662,1024,95,184,188,285
136_aug0.jpg,580,951,468,564,530,646
136_aug1.jpg,580,951,504,531,568,618
136_aug2.jpg,580,951,55,550,123,640
136_aug3.jpg,580,951,59,598,123,685
137_aug0.jpg,751,955,370,61,411,113
137_aug1.jpg,751,955,370,61,410,113
137_aug2.jpg,751,955,370,61,410,113
137_aug3.jpg,751,955,324,37,373,91
138_aug0.jpg,245,450,83,159,116,214
138_aug1.jpg,245,450,76,153,116,212
138_aug2.jpg,245,450,119,166,164,228
138_aug3.jpg,245,450,143,152,191,214
139_aug0.jpg,580,951,468,569,531,643
139_aug1.jpg,951,580,533,54,616,122
139_aug2.jpg,580,951,503,445,579,540
139_aug3.jpg,580,951,468,569,531,643
14_aug0.jpg,495,835,181,412,249,573
14_aug1.jpg,495,835,183,365,288,527
14_aug2.jpg,495,835,246,261,314,422
14_aug3.jpg,495,835,245,424,336,603
140_aug0.jpg,800,1093,320,711,414,782
140_aug1.jpg,800,1093,296,719,403,812
140_aug2.jpg,800,1093,286,656,390,732
140_aug3.jpg,800,1093,421,757,516,829
141_aug0.jpg,299,335,125,73,167,106
141_aug1.jpg,299,335,151,85,203,128
141_aug2.jpg,299,335,107,75,150,111
141_aug3.jpg,299,335,125,73,166,105
142_aug0.jpg,811,1024,548,530,615,619
142_aug1.jpg,811,1024,548,530,615,619
142_aug2.jpg,811,1024,548,530,615,619
142_aug3.jpg,1024,811,405,548,494,615
143_aug0.jpg,285,380,222,215,255,252
143_aug0.jpg,285,380,189,200,217,233
143_aug1.jpg,285,380,30,214,63,251
143_aug1.jpg,285,380,68,200,96,232
143_aug2.jpg,285,380,221,214,254,251
143_aug2.jpg,285,380,188,200,216,232
143_aug3.jpg,285,380,221,214,254,251
143_aug3.jpg,285,380,188,200,216,232
144_aug0.jpg,495,835,185,409,242,575
144_aug1.jpg,495,835,252,409,310,575
144_aug2.jpg,495,835,252,409,310,575
144_aug3.jpg,495,835,184,409,242,575
145_aug0.jpg,224,300,73,144,109,220
145_aug0.jpg,224,300,108,142,147,219
145_aug1.jpg,224,300,108,150,148,233
145_aug1.jpg,224,300,69,147,112,230
145_aug2.jpg,224,300,84,161,138,241
145_aug2.jpg,224,300,115,148,171,231
145_aug3.jpg,224,300,112,123,158,198
145_aug3.jpg,224,300,73,126,122,203
146_aug0.jpg,223,297,28,172,60,205
146_aug1.jpg,223,297,17,144,55,180
146_aug2.jpg,223,297,162,153,197,190
146_aug3.jpg,223,297,26,183,64,224
147_aug0.jpg,226,298,91,129,133,225
147_aug1.jpg,226,298,90,129,132,224
147_aug2.jpg,298,226,73,93,168,134
147_aug3.jpg,298,226,73,93,168,134
148_aug0.jpg,254,483,49,114,96,162
148_aug0.jpg,254,483,77,48,113,87
148_aug1.jpg,254,483,48,113,95,162
148_aug1.jpg,254,483,77,48,112,86
148_aug2.jpg,254,483,61,75,122,133
148_aug2.jpg,254,483,110,23,157,70
148_aug3.jpg,254,483,48,113,95,162
148_aug3.jpg,254,483,77,48,112,86
149_aug0.jpg,319,483,105,54,136,98
149_aug1.jpg,319,483,182,54,214,97
149_aug2.jpg,319,483,104,54,136,97
149_aug3.jpg,319,483,174,68,206,114
15_aug0.jpg,750,881,489,597,533,634
15_aug1.jpg,750,881,489,597,532,634
15_aug2.jpg,750,881,443,611,492,654
15_aug3.jpg,881,750,597,489,634,532
150_aug0.jpg,371,380,267,232,298,268
150_aug1.jpg,371,380,45,189,84,233
150_aug2.jpg,371,380,72,232,103,267
150_aug3.jpg,371,380,72,232,103,267
151_aug0.jpg,360,359,249,204,279,238
151_aug1.jpg,360,359,68,209,99,244
151_aug2.jpg,360,359,81,203,111,238
151_aug3.jpg,360,359,250,151,292,195
152_aug0.jpg,630,630,301,69,348,122
152_aug1.jpg,630,630,308,27,357,86
152_aug2.jpg,630,630,279,77,333,135
152_aug3.jpg,630,630,270,42,319,100
153_aug0.jpg,591,1024,466,314,538,403
153_aug1.jpg,591,1024,506,303,588,407
153_aug2.jpg,591,1024,465,314,537,403
153_aug3.jpg,1024,591,296,499,400,587
154_aug0.jpg,661,740,272,386,354,569
154_aug0.jpg,661,740,358,417,405,487
154_aug0.jpg,661,740,411,391,458,532
154_aug1.jpg,661,740,337,330,482,530
154_aug1.jpg,661,740,298,390,369,473
154_aug1.jpg,661,740,236,386,332,534
154_aug2.jpg,661,740,234,354,362,538
154_aug2.jpg,661,740,212,365,274,441
154_aug2.jpg,661,740,150,327,234,464
154_aug3.jpg,661,740,272,386,354,569
154_aug3.jpg,661,740,357,417,405,487
154_aug3.jpg,661,740,410,390,458,532
155_aug0.jpg,488,812,154,553,204,602
155_aug1.jpg,488,812,154,553,204,602
155_aug2.jpg,488,812,154,553,204,602
155_aug3.jpg,488,812,196,510,254,566
156_aug0.jpg,519,812,201,529,259,591
156_aug1.jpg,519,812,200,221,259,283
156_aug2.jpg,519,812,259,528,318,590
156_aug3.jpg,519,812,281,487,344,554
157_aug0.jpg,515,812,212,531,260,585
157_aug1.jpg,515,812,194,573,242,632
157_aug2.jpg,515,812,237,482,289,539
157_aug3.jpg,515,812,254,531,303,585
158_aug0.jpg,872,1024,578,202,675,349
158_aug0.jpg,872,1024,570,67,609,132
158_aug1.jpg,872,1024,160,287,298,453
158_aug1.jpg,872,1024,193,158,250,230
158_aug2.jpg,872,1024,578,675,674,822
158_aug2.jpg,872,1024,569,892,608,957
158_aug3.jpg,872,1024,563,646,668,793
158_aug3.jpg,872,1024,544,851,587,916
159_aug0.jpg,394,496,198,39,212,60
159_aug1.jpg,394,496,210,56,224,78
159_aug2.jpg,394,496,181,21,197,42
159_aug3.jpg,394,496,225,40,243,63
16_aug0.jpg,495,835,187,410,244,570
16_aug1.jpg,495,835,251,410,307,569
16_aug2.jpg,495,835,160,400,250,557
16_aug3.jpg,495,835,204,373,278,526
160_aug0.jpg,263,345,119,66,155,109
160_aug0.jpg,263,345,36,98,62,134
160_aug0.jpg,263,345,13,89,29,108
160_aug1.jpg,263,345,107,65,143,108
160_aug1.jpg,263,345,200,98,227,134
160_aug1.jpg,263,345,234,89,249,107
160_aug2.jpg,263,345,119,65,155,108
160_aug2.jpg,263,345,35,98,62,134
160_aug2.jpg,263,345,13,89,28,107
160_aug3.jpg,263,345,132,75,181,129
160_aug3.jpg,263,345,214,137,251,181
160_aug3.jpg,263,345,254,139,262,163
161_aug0.jpg,555,865,139,395,169,429
161_aug1.jpg,555,865,373,389,414,432
161_aug2.jpg,555,865,119,426,157,465
161_aug3.jpg,555,865,385,394,415,429
162_aug0.jpg,484,734,310,355,357,425
162_aug1.jpg,484,734,282,398,336,478
162_aug2.jpg,484,734,126,354,173,424
162_aug3.jpg,484,734,126,354,173,424
163_aug0.jpg,410,498,138,242,183,298
163_aug1.jpg,410,498,145,255,200,317
163_aug2.jpg,410,498,218,208,273,271
163_aug3.jpg,410,498,227,241,271,297
164_aug0.jpg,756,960,281,362,337,443
164_aug0.jpg,756,960,233,389,273,449
164_aug1.jpg,756,960,419,361,474,442
164_aug1.jpg,756,960,483,388,523,448
164_aug2.jpg,756,960,281,361,336,442
164_aug2.jpg,756,960,232,388,272,448
164_aug3.jpg,756,960,299,380,373,469
164_aug3.jpg,756,960,255,390,308,455
165_aug0.jpg,275,353,134,24,150,42
165_aug1.jpg,275,353,140,3,157,23
165_aug2.jpg,275,353,87,27,109,51
165_aug3.jpg,275,353,124,24,140,41
166_aug0.jpg,360,360,133,129,208,232
166_aug1.jpg,360,360,130,118,207,227
166_aug2.jpg,360,360,168,118,245,217
166_aug3.jpg,360,360,138,120,244,242
167_aug0.jpg,259,398,192,223,214,253
167_aug1.jpg,259,398,44,222,66,253
167_aug2.jpg,259,398,48,210,77,243
167_aug3.jpg,259,398,41,213,65,244
168_aug0.jpg,630,630,302,67,346,128
168_aug1.jpg,630,630,302,67,346,128
168_aug2.jpg,630,630,224,46,281,119
168_aug3.jpg,630,630,320,78,384,150
169_aug0.jpg,355,480,151,323,181,357
169_aug1.jpg,355,480,114,307,152,347
169_aug2.jpg,355,480,174,322,203,356
169_aug3.jpg,355,480,145,324,177,359
17_aug0.jpg,484,734,307,357,357,421
17_aug1.jpg,484,734,324,334,376,399
17_aug2.jpg,484,734,288,357,345,424
17_aug3.jpg,484,734,307,356,357,420
170_aug0.jpg,840,1200,77,431,268,609
170_aug1.jpg,840,1200,511,450,719,642
170_aug2.jpg,840,1200,42,510,292,753
170_aug3.jpg,840,1200,28,395,241,594
171_aug0.jpg,747,1024,269,725,360,816
171_aug1.jpg,747,1024,386,725,478,816
171_aug2.jpg,747,1024,454,617,575,731
171_aug3.jpg,747,1024,319,694,411,785
172_aug0.jpg,285,380,217,212,252,258
172_aug0.jpg,285,380,190,204,212,236
172_aug1.jpg,285,380,195,240,242,297
172_aug1.jpg,285,380,173,225,204,264
172_aug2.jpg,285,380,32,212,68,258
172_aug2.jpg,285,380,73,204,94,235
172_aug3.jpg,285,380,216,212,252,258
172_aug3.jpg,285,380,190,204,211,235
173_aug0.jpg,657,728,486,443,556,543
173_aug1.jpg,657,728,69,462,140,563
173_aug2.jpg,657,728,485,442,555,542
173_aug3.jpg,657,728,485,442,555,542
174_aug0.jpg,552,1024,171,336,242,427
174_aug1.jpg,552,1024,309,336,381,427
174_aug2.jpg,552,1024,201,318,299,427
174_aug3.jpg,552,1024,309,336,381,427
175_aug0.jpg,704,1024,207,357,283,450
175_aug0.jpg,704,1024,125,421,191,489
175_aug0.jpg,704,1024,302,299,391,408
175_aug0.jpg,704,1024,429,329,509,430
175_aug1.jpg,704,1024,369,633,456,733
175_aug1.jpg,704,1024,467,611,541,686
175_aug1.jpg,704,1024,257,656,359,773
175_aug1.jpg,704,1024,149,616,241,725
175_aug2.jpg,1024,704,561,219,648,298
175_aug2.jpg,1024,704,526,133,590,202
175_aug2.jpg,1024,704,598,317,700,410
175_aug2.jpg,1024,704,576,448,671,532
175_aug3.jpg,704,1024,207,357,282,450
175_aug3.jpg,704,1024,124,421,190,489
175_aug3.jpg,704,1024,302,299,391,408
175_aug3.jpg,704,1024,429,329,509,430
176_aug0.jpg,822,1024,228,294,281,353
176_aug1.jpg,822,1024,541,294,593,353
176_aug2.jpg,822,1024,565,298,619,359
176_aug3.jpg,822,1024,553,323,622,396
177_aug0.jpg,603,1024,218,357,303,442
177_aug0.jpg,603,1024,325,371,405,467
177_aug1.jpg,603,1024,221,423,311,507
177_aug1.jpg,603,1024,327,442,413,536
177_aug2.jpg,603,1024,300,357,384,442
177_aug2.jpg,603,1024,198,371,278,467
177_aug3.jpg,603,1024,264,380,376,490
177_aug3.jpg,603,1024,169,433,280,550
178_aug0.jpg,820,1024,571,634,638,719
178_aug1.jpg,820,1024,198,716,287,817
178_aug2.jpg,820,1024,182,634,249,719
178_aug3.jpg,820,1024,182,634,249,719
179_aug0.jpg,685,1023,79,427,138,491
179_aug1.jpg,1023,685,550,552,614,613
179_aug2.jpg,685,1023,594,529,658,597
179_aug3.jpg,685,1023,79,426,138,490
18_aug0.jpg,697,1024,479,585,568,691
18_aug1.jpg,697,1024,129,585,217,691
18_aug2.jpg,697,1024,507,533,610,648
18_aug3.jpg,697,1024,176,671,287,795
180_aug0.jpg,1024,1024,632,654,718,748
180_aug1.jpg,1024,1024,632,654,718,748
180_aug2.jpg,1024,1024,632,654,718,748
180_aug3.jpg,1024,1024,391,641,502,752
181_aug0.jpg,667,1024,251,186,326,274
181_aug1.jpg,667,1024,250,186,325,274
181_aug2.jpg,667,1024,341,186,416,274
181_aug3.jpg,667,1024,341,186,416,274
182_aug0.jpg,841,1024,521,157,594,271
182_aug1.jpg,841,1024,416,150,516,286
182_aug2.jpg,841,1024,520,157,594,271
182_aug3.jpg,841,1024,281,80,352,203
183_aug0.jpg,657,1024,510,310,593,402
183_aug1.jpg,1024,657,310,510,402,593
183_aug2.jpg,657,1024,14,365,119,478
183_aug3.jpg,657,1024,78,257,177,355
184_aug0.jpg,896,1024,557,533,627,609
184_aug1.jpg,896,1024,586,543,663,616
184_aug2.jpg,896,1024,269,533,339,609
184_aug3.jpg,896,1024,269,533,339,609
185_aug0.jpg,749,1024,303,773,360,837
185_aug1.jpg,749,1024,428,743,502,820
185_aug2.jpg,749,1024,388,773,446,837
185_aug3.jpg,749,1024,465,700,536,772
186_aug0.jpg,1024,731,364,430,424,484
186_aug0.jpg,1024,731,803,390,865,451
186_aug1.jpg,1024,731,582,453,648,517
186_aug1.jpg,1024,731,154,357,223,428
186_aug2.jpg,1024,731,600,430,660,483
186_aug2.jpg,1024,731,159,390,221,451
186_aug3.jpg,1024,731,657,376,730,442
186_aug3.jpg,1024,731,200,430,276,504
187_aug0.jpg,659,1024,411,736,500,815
187_aug1.jpg,659,1024,435,668,522,745
187_aug2.jpg,659,1024,411,736,500,815
187_aug3.jpg,659,1024,158,736,247,815
188_aug0.jpg,578,1024,281,364,353,439
188_aug0.jpg,578,1024,189,349,253,425
188_aug1.jpg,578,1024,220,417,302,499
188_aug1.jpg,578,1024,313,386,388,468
188_aug2.jpg,578,1024,216,381,304,472
188_aug2.jpg,578,1024,131,400,212,489
188_aug3.jpg,578,1024,241,376,315,462
188_aug3.jpg,578,1024,155,368,222,455
189_aug0.jpg,480,585,108,274,160,331
189_aug1.jpg,480,585,107,274,160,331
189_aug2.jpg,480,585,292,261,351,324
189_aug3.jpg,480,585,319,274,372,331
19_aug0.jpg,909,1024,558,513,649,639
19_aug1.jpg,909,1024,536,508,653,651
19_aug2.jpg,909,1024,557,513,648,639
19_aug3.jpg,909,1024,260,513,351,639
190_aug0.jpg,441,706,338,342,391,407
190_aug1.jpg,441,706,329,308,392,376
190_aug2.jpg,441,706,338,341,390,406
190_aug3.jpg,441,706,50,341,102,406
191_aug0.jpg,484,734,308,362,356,422
191_aug1.jpg,484,734,292,374,359,447
191_aug2.jpg,484,734,307,362,355,421
191_aug3.jpg,484,734,128,362,176,421
192_aug0.jpg,837,1024,192,427,269,511
192_aug1.jpg,837,1024,578,400,666,495
192_aug2.jpg,837,1024,582,428,672,519
192_aug3.jpg,837,1024,548,448,632,543
193_aug0.jpg,540,746,61,382,126,438
193_aug1.jpg,540,746,55,392,134,458
193_aug2.jpg,540,746,423,370,496,438
193_aug3.jpg,540,746,60,364,135,427
194_aug0.jpg,515,836,279,102,356,189
194_aug1.jpg,515,836,278,101,355,189
194_aug2.jpg,515,836,302,146,385,241
194_aug3.jpg,515,836,22,74,124,183
195_aug0.jpg,413,814,77,426,225,486
195_aug1.jpg,413,814,76,426,225,486
195_aug2.jpg,413,814,76,426,225,486
195_aug3.jpg,413,814,63,424,210,494
196_aug0.jpg,438,834,91,436,255,508
196_aug1.jpg,438,834,189,432,356,512
196_aug2.jpg,438,834,47,362,226,482
196_aug3.jpg,438,834,183,436,347,508
197_aug0.jpg,1018,743,594,383,632,437
197_aug1.jpg,1018,743,584,396,638,459
197_aug2.jpg,1018,743,593,382,632,436
197_aug3.jpg,1018,743,593,382,632,436
198_aug0.jpg,1018,743,645,433,689,479
198_aug1.jpg,1018,743,611,460,668,518
198_aug2.jpg,1018,743,328,433,372,479
198_aug3.jpg,1018,743,284,381,333,432
199_aug0.jpg,1018,743,567,440,609,496
199_aug1.jpg,1018,743,353,413,406,479
199_aug2.jpg,1018,743,450,472,497,533
199_aug3.jpg,1018,743,453,477,501,536
2_aug0.jpg,394,496,194,38,217,67
2_aug1.jpg,394,496,177,38,200,67
2_aug2.jpg,394,496,177,38,200,67
2_aug3.jpg,394,496,192,41,215,71
20_aug0.jpg,480,585,102,268,161,332
20_aug1.jpg,480,585,306,237,377,309
20_aug2.jpg,480,585,318,268,377,332
20_aug3.jpg,480,585,118,251,177,311
200_aug0.jpg,549,543,352,280,388,321
200_aug1.jpg,549,543,142,279,181,324
200_aug2.jpg,549,543,343,264,386,311
200_aug3.jpg,549,543,160,280,197,321
201_aug0.jpg,575,562,416,281,485,363
201_aug1.jpg,575,562,109,261,187,350
201_aug2.jpg,575,562,66,276,150,364
201_aug3.jpg,575,562,89,281,159,362
202_aug0.jpg,575,562,417,281,485,352
202_aug1.jpg,575,562,89,281,157,352
202_aug2.jpg,575,562,387,323,460,402
202_aug3.jpg,575,562,417,281,485,352
203_aug0.jpg,768,964,505,530,567,601
203_aug1.jpg,768,964,527,504,598,583
203_aug2.jpg,768,964,201,529,263,600
203_aug3.jpg,964,768,262,260,350,343
204_aug0.jpg,768,964,515,457,579,536
204_aug1.jpg,768,964,543,418,617,502
204_aug2.jpg,768,964,515,456,579,536
204_aug3.jpg,768,964,180,419,255,502
205_aug0.jpg,634,1125,206,774,349,915
205_aug1.jpg,634,1125,135,755,317,941
205_aug2.jpg,634,1125,156,720,341,903
205_aug3.jpg,634,1125,205,774,349,914
206_aug0.jpg,621,1125,262,900,381,1000
206_aug1.jpg,621,1125,261,900,381,1000
206_aug2.jpg,621,1125,310,867,454,998
206_aug3.jpg,621,1125,261,900,381,1000
207_aug0.jpg,563,1125,225,705,346,827
207_aug1.jpg,563,1125,225,704,346,827
207_aug2.jpg,563,1125,152,641,284,778
207_aug3.jpg,563,1125,167,675,311,820
208_aug0.jpg,359,675,140,385,196,444
208_aug1.jpg,359,675,139,390,196,452
208_aug2.jpg,359,675,136,344,203,411
208_aug3.jpg,359,675,144,417,205,481
209_aug0.jpg,345,768,198,478,246,529
209_aug1.jpg,345,768,101,461,159,521
209_aug2.jpg,345,768,201,501,249,556
209_aug3.jpg,345,768,197,477,245,528
21_aug0.jpg,300,270,63,125,107,171
21_aug0.jpg,300,270,31,141,67,180
21_aug1.jpg,270,300,124,173,178,226
21_aug1.jpg,270,300,124,216,169,259
21_aug2.jpg,300,270,183,151,241,207
21_aug2.jpg,300,270,222,178,270,225
21_aug3.jpg,270,300,124,192,170,237
21_aug3.jpg,270,300,140,232,180,268
210_aug0.jpg,1024,1286,905,335,974,405
210_aug1.jpg,1024,1286,0,395,43,472
210_aug2.jpg,1024,1286,905,334,974,405
210_aug3.jpg,1024,1286,50,334,119,405
211_aug0.jpg,1024,1280,905,331,956,374
211_aug1.jpg,1024,1280,872,277,936,334
211_aug2.jpg,1024,1280,68,330,119,374
211_aug3.jpg,1024,1280,778,263,844,322
212_aug0.jpg,582,1500,267,470,328,538
212_aug1.jpg,582,1500,253,469,315,537
212_aug2.jpg,582,1500,213,515,293,596
212_aug3.jpg,582,1500,299,571,365,643
213_aug0.jpg,946,1500,285,781,378,899
213_aug0.jpg,946,1500,376,746,469,869
213_aug1.jpg,946,1500,302,842,407,975
213_aug1.jpg,946,1500,398,810,504,949
213_aug2.jpg,946,1500,567,780,661,899
213_aug2.jpg,946,1500,476,746,570,868
213_aug3.jpg,946,1500,284,780,378,899
213_aug3.jpg,946,1500,375,746,469,868
214_aug0.jpg,1024,1308,387,644,473,802
214_aug0.jpg,1024,1308,317,646,395,804
214_aug1.jpg,1024,1308,367,676,500,847
214_aug1.jpg,1024,1308,297,703,423,872
214_aug2.jpg,1024,1308,551,644,637,801
214_aug2.jpg,1024,1308,629,645,707,804
214_aug3.jpg,1024,1308,367,659,477,838
214_aug3.jpg,1024,1308,301,649,403,827
215_aug0.jpg,1024,1358,241,639,323,770
215_aug1.jpg,1024,1358,245,557,363,701
215_aug2.jpg,1024,1358,656,735,753,882
215_aug3.jpg,1024,1358,701,638,783,769
216_aug0.jpg,1024,1399,315,908,411,1008
216_aug0.jpg,1024,1399,413,869,513,1010
216_aug1.jpg,1024,1399,635,911,751,1026
216_aug1.jpg,1024,1399,528,900,657,1053
216_aug2.jpg,1024,1399,613,908,709,1008
216_aug2.jpg,1024,1399,511,868,611,1010
216_aug3.jpg,1024,1399,462,912,575,1028
216_aug3.jpg,1024,1399,369,850,497,1003
217_aug0.jpg,525,835,390,448,446,511
217_aug1.jpg,525,835,390,447,445,510
217_aug2.jpg,525,835,390,447,445,510
217_aug3.jpg,525,835,369,404,442,481
218_aug0.jpg,644,1754,237,814,364,933
218_aug1.jpg,644,1754,269,899,404,1027
218_aug2.jpg,644,1754,198,740,351,894
218_aug3.jpg,644,1754,224,845,366,985
219_aug0.jpg,520,1466,227,695,327,853
219_aug1.jpg,520,1466,174,663,296,824
219_aug2.jpg,520,1466,192,695,293,853
219_aug3.jpg,520,1466,195,683,337,853
22_aug0.jpg,327,514,269,299,301,334
22_aug1.jpg,327,514,15,243,56,285
22_aug2.jpg,327,514,25,290,61,329
22_aug3.jpg,327,514,270,310,308,347
220_aug0.jpg,529,1008,228,766,373,942
220_aug1.jpg,529,1008,90,727,298,951
220_aug2.jpg,529,1008,91,742,282,957
220_aug3.jpg,529,1008,179,765,331,960
221_aug0.jpg,300,288,202,131,248,181
221_aug1.jpg,300,288,64,148,111,198
221_aug2.jpg,300,288,182,106,235,162
221_aug3.jpg,300,288,52,130,97,180
222_aug0.jpg,285,380,221,216,253,246
222_aug0.jpg,285,380,191,203,216,228
222_aug1.jpg,285,380,16,178,56,218
222_aug1.jpg,285,380,58,175,90,207
222_aug2.jpg,285,380,234,176,273,212
222_aug2.jpg,285,380,202,172,232,201
222_aug3.jpg,285,380,47,218,83,253
222_aug3.jpg,285,380,79,200,107,229
223_aug0.jpg,492,473,336,223,404,299
223_aug1.jpg,492,473,357,206,434,282
223_aug2.jpg,492,473,79,177,158,264
223_aug3.jpg,492,473,74,262,155,350
224_aug0.jpg,636,640,143,472,221,564
224_aug1.jpg,636,640,143,472,221,564
224_aug2.jpg,636,640,358,460,444,564
224_aug3.jpg,636,640,414,472,492,564
225_aug0.jpg,380,630,297,348,344,402
225_aug1.jpg,380,630,35,348,82,402
225_aug2.jpg,380,630,297,348,344,402
225_aug3.jpg,380,630,52,354,108,415
226_aug0.jpg,617,1024,345,694,439,792
226_aug1.jpg,617,1024,177,694,272,792
226_aug2.jpg,617,1024,399,658,526,783
226_aug3.jpg,617,1024,235,735,341,844
227_aug0.jpg,636,640,148,480,227,562
227_aug1.jpg,636,640,399,473,485,562
227_aug2.jpg,636,640,113,499,203,591
227_aug3.jpg,640,636,480,409,562,488
228_aug0.jpg,285,380,219,215,253,251
228_aug0.jpg,285,380,191,205,216,230
228_aug1.jpg,285,380,25,199,68,240
228_aug1.jpg,285,380,68,199,99,227
228_aug2.jpg,285,380,210,236,251,279
228_aug2.jpg,285,380,185,220,215,251
228_aug3.jpg,285,380,29,234,73,279
228_aug3.jpg,285,380,61,215,93,247
229_aug0.jpg,800,1093,336,715,415,792
229_aug1.jpg,800,1093,297,645,391,729
229_aug2.jpg,1093,800,684,424,779,516
229_aug3.jpg,800,1093,424,749,509,831
23_aug0.jpg,428,932,104,205,236,358
23_aug1.jpg,428,932,104,205,235,357
23_aug2.jpg,428,932,127,202,287,373
23_aug3.jpg,428,932,217,144,373,324
230_aug0.jpg,1024,1024,635,642,717,742
230_aug1.jpg,1024,1024,635,642,717,742
230_aug2.jpg,1024,1024,249,657,339,768
230_aug3.jpg,1024,1024,319,649,427,770
231_aug0.jpg,494,812,359,387,412,437
231_aug1.jpg,494,812,97,386,155,444
231_aug2.jpg,494,812,92,381,158,448
231_aug3.jpg,494,812,358,386,412,436
232_aug0.jpg,972,997,293,207,393,311
232_aug1.jpg,972,997,579,207,679,311
232_aug2.jpg,972,997,292,207,392,311
232_aug3.jpg,972,997,327,213,435,323
233_aug0.jpg,837,1024,192,433,264,508
233_aug1.jpg,837,1024,572,433,645,508
233_aug2.jpg,837,1024,191,433,264,508
233_aug3.jpg,837,1024,217,433,291,513
234_aug0.jpg,525,812,400,384,446,431
234_aug1.jpg,525,812,79,384,124,431
234_aug2.jpg,525,812,403,321,464,384
234_aug3.jpg,525,812,400,384,445,431
235_aug0.jpg,284,418,163,163,208,223
235_aug1.jpg,284,418,67,150,119,217
235_aug2.jpg,284,418,76,162,120,222
235_aug3.jpg,284,418,142,160,203,231
236_aug0.jpg,279,667,25,408,106,503
236_aug1.jpg,279,667,154,424,241,527
236_aug2.jpg,279,667,172,408,254,502
236_aug3.jpg,279,667,149,383,253,489
24_aug0.jpg,909,1024,564,517,652,632
24_aug1.jpg,909,1024,268,399,390,538
24_aug2.jpg,909,1024,564,517,652,632
24_aug3.jpg,909,1024,278,379,394,511
25_aug0.jpg,327,514,268,300,300,335
25_aug1.jpg,327,514,281,244,324,289
25_aug2.jpg,514,327,273,12,312,49
25_aug3.jpg,327,514,52,317,88,356
26_aug0.jpg,1754,2333,1343,1366,1507,1545
26_aug1.jpg,1754,2333,1343,1366,1507,1545
26_aug2.jpg,2333,1754,1366,246,1545,410
26_aug3.jpg,1754,2333,1371,1069,1566,1280
27_aug0.jpg,1487,1705,605,499,873,915
27_aug0.jpg,1487,1705,899,455,1099,834
27_aug0.jpg,1487,1705,1220,557,1339,957
27_aug1.jpg,1487,1705,605,498,873,915
27_aug1.jpg,1487,1705,898,455,1099,834
27_aug1.jpg,1487,1705,1220,556,1338,957
27_aug2.jpg,1487,1705,605,498,873,915
27_aug2.jpg,1487,1705,898,455,1099,834
27_aug2.jpg,1487,1705,1220,556,1338,957
27_aug3.jpg,1487,1705,489,496,815,940
27_aug3.jpg,1487,1705,773,420,1027,818
27_aug3.jpg,1487,1705,1106,483,1282,889
28_aug0.jpg,1586,1706,683,552,886,1005
28_aug0.jpg,1586,1706,1002,610,1144,1026
28_aug0.jpg,1586,1706,1257,750,1412,1155
28_aug1.jpg,1586,1706,662,558,873,1004
28_aug1.jpg,1586,1706,967,604,1118,1011
28_aug1.jpg,1586,1706,1214,728,1378,1126
28_aug2.jpg,1586,1706,739,529,1066,992
28_aug2.jpg,1586,1706,487,497,745,909
28_aug2.jpg,1586,1706,193,534,461,940
28_aug3.jpg,1586,1706,678,535,1004,1036
28_aug3.jpg,1586,1706,467,685,727,1133
28_aug3.jpg,1586,1706,273,897,542,1337
29_aug0.jpg,183,303,50,43,82,87
29_aug1.jpg,183,303,50,42,81,87
29_aug2.jpg,183,303,85,13,133,69
29_aug3.jpg,183,303,50,42,81,87
3_aug0.jpg,768,923,369,610,408,661
3_aug1.jpg,768,923,363,570,404,620
3_aug2.jpg,768,923,360,261,399,312
3_aug3.jpg,923,768,557,414,611,459
30_aug0.jpg,192,303,12,64,51,113
30_aug1.jpg,192,303,19,45,68,99
30_aug2.jpg,192,303,96,33,151,91
30_aug3.jpg,192,303,146,88,190,137
31_aug0.jpg,630,630,285,364,382,468
31_aug1.jpg,630,630,252,369,359,472
31_aug2.jpg,630,630,272,350,384,471
31_aug3.jpg,630,630,285,368,393,478
32_aug0.jpg,704,1024,110,421,185,502
32_aug0.jpg,704,1024,200,358,286,466
32_aug0.jpg,704,1024,294,280,408,427
32_aug0.jpg,704,1024,435,335,514,427
32_aug1.jpg,704,1024,112,331,197,421
32_aug1.jpg,704,1024,201,293,302,410
32_aug1.jpg,704,1024,294,241,429,401
32_aug1.jpg,704,1024,421,322,512,423
32_aug2.jpg,704,1024,110,421,185,502
32_aug2.jpg,704,1024,199,358,286,466
32_aug2.jpg,704,1024,293,280,407,427
32_aug2.jpg,704,1024,435,335,513,427
32_aug3.jpg,704,1024,467,454,559,549
32_aug3.jpg,704,1024,388,367,498,489
32_aug3.jpg,704,1024,292,260,438,425
32_aug3.jpg,704,1024,197,276,296,382
33_aug0.jpg,896,1024,549,517,637,621
33_aug1.jpg,896,1024,300,500,419,633
33_aug2.jpg,896,1024,549,517,637,621
33_aug3.jpg,896,1024,505,432,613,544
34_aug0.jpg,226,418,59,171,130,284
34_aug1.jpg,226,418,58,170,130,283
34_aug2.jpg,226,418,42,158,142,291
34_aug3.jpg,226,418,95,170,167,283
35_aug0.jpg,282,418,157,157,211,234
35_aug1.jpg,282,418,60,179,135,272
35_aug2.jpg,282,418,159,139,223,223
35_aug3.jpg,282,418,78,117,151,204
36_aug0.jpg,1053,1191,723,408,835,608
36_aug1.jpg,1053,1191,766,477,880,668
36_aug2.jpg,1053,1191,757,354,906,574
36_aug3.jpg,1053,1191,270,241,441,477
37_aug0.jpg,1500,2000,715,1114,921,1405
37_aug1.jpg,1500,2000,578,1113,785,1404
37_aug2.jpg,1500,2000,635,1202,870,1506
37_aug3.jpg,1500,2000,578,1113,785,1404
38_aug0.jpg,1500,2000,702,1114,948,1399
38_aug1.jpg,1500,2000,551,1113,798,1399
38_aug2.jpg,1500,2000,652,1139,904,1428
38_aug3.jpg,1500,2000,609,1068,927,1395
39_aug0.jpg,167,224,98,13,127,48
39_aug1.jpg,167,224,105,29,136,64
39_aug2.jpg,167,224,103,19,139,58
39_aug3.jpg,167,224,90,19,124,59
4_aug0.jpg,442,442,272,275,309,326
4_aug1.jpg,442,442,119,274,170,332
4_aug2.jpg,442,442,150,245,191,303
4_aug3.jpg,442,442,115,272,167,308
40_aug0.jpg,210,239,78,14,115,57
40_aug1.jpg,210,239,86,185,126,230
40_aug2.jpg,239,210,13,57,66,106
40_aug3.jpg,210,239,78,14,114,57
41_aug0.jpg,665,1024,346,669,426,750
41_aug1.jpg,665,1024,302,733,385,826
41_aug2.jpg,665,1024,238,669,319,750
41_aug3.jpg,665,1024,377,643,474,741
42_aug0.jpg,327,442,84,217,113,283
42_aug1.jpg,327,442,83,217,112,282
42_aug2.jpg,327,442,199,213,239,284
42_aug3.jpg,327,442,54,203,103,273
43_aug0.jpg,257,375,200,192,237,238
43_aug1.jpg,257,375,8,224,61,281
43_aug2.jpg,257,375,35,230,83,287
43_aug3.jpg,257,375,20,192,57,238
44_aug0.jpg,263,371,34,205,56,233
44_aug1.jpg,263,371,50,216,77,249
44_aug2.jpg,263,371,196,176,226,208
44_aug3.jpg,263,371,31,227,60,259
45_aug0.jpg,255,363,76,155,133,225
45_aug1.jpg,255,363,121,154,178,225
45_aug2.jpg,255,363,106,166,175,242
45_aug3.jpg,255,363,75,148,135,222
46_aug0.jpg,274,300,105,143,135,171
46_aug1.jpg,274,300,139,142,169,170
46_aug2.jpg,274,300,91,139,127,174
46_aug3.jpg,274,300,104,142,134,170
47_aug0.jpg,348,420,236,259,262,298
47_aug1.jpg,348,420,235,259,261,297
47_aug2.jpg,348,420,235,259,261,297
47_aug3.jpg,348,420,235,259,261,297
48_aug0.jpg,353,437,243,220,274,260
48_aug1.jpg,353,437,90,188,127,234
48_aug2.jpg,353,437,78,220,110,260
48_aug3.jpg,353,437,239,188,275,231
49_aug0.jpg,153,303,22,46,49,83
49_aug1.jpg,153,303,121,55,152,95
49_aug2.jpg,153,303,103,45,130,82
49_aug3.jpg,153,303,103,45,130,82
5_aug0.jpg,478,640,159,342,209,402
5_aug0.jpg,478,640,111,351,168,415
5_aug1.jpg,478,640,269,342,319,402
5_aug1.jpg,478,640,310,350,366,415
5_aug2.jpg,478,640,157,367,211,426
5_aug2.jpg,478,640,106,375,167,438
5_aug3.jpg,478,640,153,345,218,418
5_aug3.jpg,478,640,107,365,180,444
50_aug0.jpg,174,300,12,64,52,110
50_aug1.jpg,174,300,7,61,54,117
50_aug2.jpg,174,300,11,64,51,110
50_aug3.jpg,174,300,29,41,73,93
51_aug0.jpg,316,467,208,246,235,293
51_aug1.jpg,316,467,88,256,123,305
51_aug2.jpg,316,467,85,235,123,289
51_aug3.jpg,316,467,198,217,236,271
52_aug0.jpg,704,1024,103,413,185,508
52_aug0.jpg,704,1024,207,353,285,461
52_aug0.jpg,704,1024,297,285,394,419
52_aug0.jpg,704,1024,436,332,508,438
52_aug1.jpg,704,1024,169,336,274,456
52_aug1.jpg,704,1024,277,307,383,438
52_aug1.jpg,704,1024,372,266,503,429
52_aug1.jpg,704,1024,489,354,589,482
52_aug2.jpg,704,1024,83,517,189,631
52_aug2.jpg,704,1024,166,431,272,557
52_aug2.jpg,704,1024,233,336,365,491
52_aug2.jpg,704,1024,380,348,480,469
52_aug3.jpg,704,1024,518,413,601,508
52_aug3.jpg,704,1024,419,353,496,461
52_aug3.jpg,704,1024,310,285,407,419
52_aug3.jpg,704,1024,195,332,267,438
53_aug0.jpg,327,514,270,303,299,335
53_aug1.jpg,327,514,283,258,324,300
53_aug2.jpg,327,514,27,303,57,335
53_aug3.jpg,327,514,269,303,299,335
54_aug0.jpg,343,404,83,101,136,160
54_aug1.jpg,343,404,207,95,261,160
54_aug2.jpg,343,404,80,98,134,162
54_aug3.jpg,343,404,231,105,299,176
55_aug0.jpg,492,473,332,222,410,305
55_aug1.jpg,492,473,309,190,406,291
55_aug2.jpg,492,473,82,222,159,304
55_aug3.jpg,492,473,82,222,159,304
56_aug0.jpg,263,345,120,72,156,107
56_aug0.jpg,263,345,29,98,64,138
56_aug0.jpg,263,345,66,72,103,109
56_aug1.jpg,263,345,133,64,178,110
56_aug1.jpg,263,345,42,57,88,107
56_aug1.jpg,263,345,85,45,132,93
56_aug2.jpg,263,345,97,47,132,85
56_aug2.jpg,263,345,186,75,221,118
56_aug2.jpg,263,345,148,47,185,87
56_aug3.jpg,263,345,87,61,133,107
56_aug3.jpg,263,345,182,59,228,110
56_aug3.jpg,263,345,136,44,183,93
57_aug0.jpg,393,460,253,129,346,290
57_aug1.jpg,393,460,47,129,139,290
57_aug2.jpg,393,460,253,129,345,290
57_aug3.jpg,393,460,47,129,139,290
58_aug0.jpg,626,660,209,296,251,357
58_aug1.jpg,660,626,286,236,350,280
58_aug2.jpg,626,660,209,295,251,357
58_aug3.jpg,626,660,392,270,455,343
59_aug0.jpg,808,1024,401,32,476,121
59_aug0.jpg,808,1024,240,91,304,157
59_aug1.jpg,808,1024,248,0,348,89
59_aug1.jpg,808,1024,122,94,204,179
59_aug2.jpg,808,1024,357,92,451,192
59_aug2.jpg,808,1024,198,181,277,258
59_aug3.jpg,808,1024,249,91,337,188
59_aug3.jpg,808,1024,425,116,498,189
6_aug0.jpg,1296,728,806,436,884,533
6_aug1.jpg,1296,728,752,433,849,546
6_aug2.jpg,1296,728,388,431,469,535
6_aug3.jpg,1296,728,760,450,864,561
60_aug0.jpg,254,325,58,175,75,205
60_aug1.jpg,254,325,167,204,194,236
60_aug2.jpg,254,325,183,170,208,206
60_aug3.jpg,254,325,54,156,72,187
61_aug0.jpg,814,845,461,435,541,558
61_aug1.jpg,814,845,416,450,535,587
61_aug2.jpg,814,845,417,393,525,530
61_aug3.jpg,845,814,287,210,418,312
62_aug0.jpg,394,751,164,401,231,506
62_aug1.jpg,394,751,137,401,239,526
62_aug2.jpg,394,751,163,401,230,505
62_aug3.jpg,394,751,152,383,237,498
63_aug0.jpg,396,751,98,384,175,490
63_aug1.jpg,396,751,109,384,182,493
63_aug2.jpg,396,751,220,378,322,498
63_aug3.jpg,396,751,97,384,174,489
64_aug0.jpg,759,1024,305,842,358,903
64_aug1.jpg,759,1024,286,801,342,863
64_aug2.jpg,1024,759,188,280,253,343
64_aug3.jpg,759,1024,384,855,441,919
65_aug0.jpg,226,418,70,167,121,257
65_aug1.jpg,226,418,94,162,162,260
65_aug2.jpg,226,418,85,136,161,239
65_aug3.jpg,226,418,69,162,125,259
66_aug0.jpg,280,410,158,158,205,230
66_aug1.jpg,280,410,82,153,137,232
66_aug2.jpg,280,410,159,170,207,241
66_aug3.jpg,410,280,157,157,230,205
67_aug0.jpg,223,415,66,168,114,262
67_aug1.jpg,415,223,177,67,283,128
67_aug2.jpg,223,415,69,167,148,277
67_aug3.jpg,223,415,109,168,157,262
68_aug0.jpg,198,404,109,177,142,214
68_aug0.jpg,198,404,79,212,111,278
68_aug1.jpg,198,404,43,194,86,241
68_aug1.jpg,198,404,83,219,135,295
68_aug2.jpg,198,404,55,177,89,213
68_aug2.jpg,198,404,86,212,119,278
68_aug3.jpg,198,404,108,177,142,213
68_aug3.jpg,198,404,78,212,111,278
69_aug0.jpg,327,442,84,217,117,274
69_aug1.jpg,327,442,73,189,119,249
69_aug2.jpg,327,442,83,217,116,274
69_aug3.jpg,327,442,210,217,243,274
7_aug0.jpg,568,769,126,307,180,366
7_aug1.jpg,568,769,351,234,417,307
7_aug2.jpg,568,769,106,301,165,364
7_aug3.jpg,568,769,125,306,180,366
70_aug0.jpg,1055,1620,141,802,258,1042
70_aug1.jpg,1055,1620,141,801,258,1041
70_aug2.jpg,1055,1620,141,801,258,1041
70_aug3.jpg,1055,1620,796,801,913,1041
71_aug0.jpg,322,450,122,336,162,389
71_aug1.jpg,322,450,122,336,161,388
71_aug2.jpg,322,450,117,324,163,383
71_aug3.jpg,322,450,71,308,121,368
72_aug0.jpg,357,450,81,313,127,358
72_aug1.jpg,450,357,313,81,357,127
72_aug2.jpg,357,450,229,313,275,357
72_aug3.jpg,357,450,229,313,275,357
73_aug0.jpg,1017,1199,766,684,870,791
73_aug1.jpg,1017,1199,766,684,870,790
73_aug2.jpg,1199,1017,461,148,588,276
73_aug3.jpg,1017,1199,677,818,813,957
74_aug0.jpg,3000,3955,1890,2439,2084,2708
74_aug1.jpg,3000,3955,1709,2512,1949,2829
74_aug2.jpg,3000,3955,915,2438,1110,2708
74_aug3.jpg,3000,3955,1889,2438,2084,2708
75_aug0.jpg,327,442,85,217,111,271
75_aug1.jpg,327,442,70,208,115,269
75_aug2.jpg,327,442,215,217,242,270
75_aug3.jpg,327,442,233,214,261,265
76_aug0.jpg,300,270,65,132,106,172
76_aug0.jpg,300,270,32,146,65,179
76_aug1.jpg,300,270,181,156,231,204
76_aug1.jpg,300,270,219,180,259,220
76_aug2.jpg,300,270,65,132,105,172
76_aug2.jpg,300,270,32,145,65,179
76_aug3.jpg,300,270,80,129,122,168
76_aug3.jpg,300,270,48,144,82,176
77_aug0.jpg,750,881,492,596,529,636
77_aug1.jpg,750,881,501,602,541,645
77_aug2.jpg,750,881,492,595,529,635
77_aug3.jpg,750,881,165,575,206,620
78_aug0.jpg,821,1024,452,533,549,660
78_aug1.jpg,821,1024,418,477,554,622
78_aug2.jpg,821,1024,272,533,368,660
78_aug3.jpg,821,1024,272,533,368,660
79_aug0.jpg,300,288,204,129,246,182
79_aug1.jpg,300,288,54,128,95,181
79_aug2.jpg,300,288,204,128,245,181
79_aug3.jpg,300,288,54,128,95,181
8_aug0.jpg,1280,1539,595,1023,657,1104
8_aug1.jpg,1280,1539,648,1048,725,1139
8_aug2.jpg,1280,1539,595,1023,656,1104
8_aug3.jpg,1280,1539,646,1110,715,1200
80_aug0.jpg,545,640,188,448,208,480
80_aug1.jpg,545,640,337,447,356,480
80_aug2.jpg,545,640,337,447,356,480
80_aug3.jpg,640,545,160,188,192,207
81_aug0.jpg,1476,1706,321,428,539,631
81_aug0.jpg,1476,1706,942,673,1105,989
81_aug0.jpg,1476,1706,778,680,918,834
81_aug0.jpg,1476,1706,577,563,765,836
81_aug1.jpg,1476,1706,935,367,1186,605
81_aug1.jpg,1476,1706,403,710,616,1052
81_aug1.jpg,1476,1706,592,691,757,868
81_aug1.jpg,1476,1706,728,543,960,846
81_aug2.jpg,1476,1706,273,467,510,675
81_aug2.jpg,1476,1706,929,670,1114,983
81_aug2.jpg,1476,1706,759,688,913,844
81_aug2.jpg,1476,1706,545,584,755,858
81_aug3.jpg,1706,1476,1075,321,1277,538
81_aug3.jpg,1706,1476,716,941,1033,1105
81_aug3.jpg,1706,1476,871,777,1026,918
81_aug3.jpg,1706,1476,869,577,1142,764
82_aug0.jpg,1593,1706,781,480,1014,765
82_aug0.jpg,1593,1706,1089,603,1231,813
82_aug0.jpg,1593,1706,1202,736,1368,970
82_aug1.jpg,1706,1593,480,578,764,812
82_aug1.jpg,1706,1593,602,362,813,504
82_aug1.jpg,1706,1593,735,224,969,390
82_aug2.jpg,1593,1706,578,480,812,764
82_aug2.jpg,1593,1706,362,602,504,813
82_aug2.jpg,1593,1706,224,735,390,969
82_aug3.jpg,1593,1706,500,421,797,756
82_aug3.jpg,1593,1706,347,629,540,867
82_aug3.jpg,1593,1706,268,787,491,1054
83_aug0.jpg,500,717,190,376,265,439
83_aug1.jpg,500,717,208,373,287,449
83_aug2.jpg,500,717,189,376,264,438
83_aug3.jpg,500,717,179,342,278,433
84_aug0.jpg,588,1024,180,626,258,690
84_aug1.jpg,588,1024,330,626,407,690
84_aug2.jpg,588,1024,163,650,238,718
84_aug3.jpg,588,1024,276,650,377,741
85_aug0.jpg,285,380,186,191,218,226
85_aug0.jpg,285,380,213,203,243,246
85_aug1.jpg,285,380,186,191,218,225
85_aug1.jpg,285,380,212,202,242,246
85_aug2.jpg,285,380,186,191,218,225
85_aug2.jpg,285,380,212,202,242,246
85_aug3.jpg,285,380,170,193,208,234
85_aug3.jpg,285,380,199,201,236,250
86_aug0.jpg,768,923,373,615,409,671
86_aug1.jpg,768,923,338,628,375,685
86_aug2.jpg,768,923,421,605,470,666
86_aug3.jpg,768,923,327,609,378,675
87_aug0.jpg,555,865,141,402,170,421
87_aug1.jpg,555,865,134,464,165,485
87_aug2.jpg,555,865,385,402,414,421
87_aug3.jpg,555,865,392,377,422,400
88_aug0.jpg,678,728,509,429,576,525
88_aug1.jpg,678,728,102,429,168,525
88_aug2.jpg,678,728,102,429,168,525
88_aug3.jpg,678,728,450,457,552,578
89_aug0.jpg,1754,2333,1339,1366,1500,1538
89_aug1.jpg,1754,2333,1338,1366,1499,1537
89_aug2.jpg,1754,2333,207,1314,391,1494
89_aug3.jpg,1754,2333,1159,1463,1345,1656
9_aug0.jpg,313,1008,114,617,257,777
9_aug1.jpg,313,1008,113,616,257,776
9_aug2.jpg,313,1008,113,616,257,776
9_aug3.jpg,313,1008,55,616,199,776
90_aug0.jpg,450,405,290,139,325,183
90_aug0.jpg,450,405,74,152,112,197
90_aug1.jpg,450,405,248,117,290,166
90_aug1.jpg,450,405,46,169,90,220
90_aug2.jpg,450,405,290,138,324,182
90_aug2.jpg,450,405,74,151,112,197
90_aug3.jpg,450,405,263,108,306,155
90_aug3.jpg,450,405,41,156,87,204
91_aug0.jpg,492,652,376,364,431,432
91_aug1.jpg,492,652,61,363,116,431
91_aug2.jpg,492,652,317,435,391,515
91_aug3.jpg,492,652,375,363,430,431
92_aug0.jpg,702,1200,501,729,583,813
92_aug1.jpg,702,1200,92,785,172,876
92_aug2.jpg,702,1200,496,778,579,869
92_aug3.jpg,702,1200,551,656,655,762
93_aug0.jpg,360,600,197,121,274,202
93_aug1.jpg,360,600,127,433,226,536
93_aug2.jpg,360,600,200,102,279,186
93_aug3.jpg,360,600,196,121,274,202
94_aug0.jpg,298,667,15,472,101,557
94_aug1.jpg,298,667,197,472,282,557
94_aug2.jpg,298,667,15,472,100,557
94_aug3.jpg,298,667,178,453,269,538
95_aug0.jpg,602,1024,193,248,251,338
95_aug0.jpg,602,1024,277,225,346,313
95_aug0.jpg,602,1024,395,246,469,341
95_aug1.jpg,602,1024,192,248,250,338
95_aug1.jpg,602,1024,277,225,346,313
95_aug1.jpg,602,1024,394,246,469,341
95_aug2.jpg,602,1024,241,278,317,374
95_aug2.jpg,602,1024,326,277,411,375
95_aug2.jpg,602,1024,429,325,521,430
95_aug3.jpg,602,1024,395,294,477,395
95_aug3.jpg,602,1024,305,246,397,348
95_aug3.jpg,602,1024,173,233,272,343
96_aug0.jpg,721,1024,476,208,571,333
96_aug1.jpg,721,1024,159,223,264,360
96_aug2.jpg,721,1024,151,230,256,363
96_aug3.jpg,721,1024,475,208,570,333
97_aug0.jpg,258,592,125,230,162,276
97_aug1.jpg,258,592,124,229,162,275
97_aug2.jpg,258,592,95,229,133,275
97_aug3.jpg,258,592,124,229,162,275
98_aug0.jpg,293,610,109,107,160,161
98_aug1.jpg,293,610,100,91,154,149
98_aug2.jpg,293,610,141,122,203,187
98_aug3.jpg,293,610,109,107,160,161
99_aug0.jpg,373,751,140,406,213,510
99_aug1.jpg,373,751,140,406,213,510
99_aug2.jpg,373,751,147,371,226,481
99_aug3.jpg,373,751,188,348,284,460
